[
  {
    "id": "6af23edd-ad32-434a-88f2-391f8a3f8f4d",
    "data": [
      {
        "text": "add",
        "alias": "Action",
        "meta": "@Action",
        "userDefined": false
      },
      {
        "text": " ",
        "userDefined": false
      },
      {
        "text": "$20",
        "alias": "unit-currency",
        "meta": "@sys.unit-currency",
        "userDefined": false
      },
      {
        "text": " to ",
        "userDefined": false
      },
      {
        "text": "grocery",
        "alias": "category",
        "meta": "@category",
        "userDefined": false
      }
    ],
    "isTemplate": false,
    "count": 0,
    "updated": 1540104584
  },
  {
    "id": "539de872-c349-407c-a9a1-6faf8ac4f1ea",
    "data": [
      {
        "text": "How much did I ",
        "userDefined": false
      },
      {
        "text": "spend",
        "alias": "Action",
        "meta": "@Action",
        "userDefined": false
      },
      {
        "text": " on ",
        "userDefined": false
      },
      {
        "text": "movies",
        "alias": "category",
        "meta": "@category",
        "userDefined": false
      },
      {
        "text": "?",
        "userDefined": false
      }
    ],
    "isTemplate": false,
    "count": 0,
    "updated": 1540096535
  },
  {
    "id": "b5a0f034-d6ac-4249-bfbe-a3a177716a11",
    "data": [
      {
        "text": "How much did I ",
        "userDefined": false
      },
      {
        "text": "spend",
        "alias": "Action",
        "meta": "@Action",
        "userDefined": false
      },
      {
        "text": " ",
        "userDefined": false
      },
      {
        "text": "in October",
        "alias": "date-period",
        "meta": "@sys.date-period",
        "userDefined": false
      },
      {
        "text": "?",
        "userDefined": false
      }
    ],
    "isTemplate": false,
    "count": 0,
    "updated": 1540095201
  },
  {
    "id": "c7853fc5-4810-49e4-80ab-726dde34b3eb",
    "data": [
      {
        "text": "How much did I spent on ",
        "userDefined": false
      },
      {
        "text": "grocery",
        "alias": "category",
        "meta": "@category",
        "userDefined": false
      },
      {
        "text": "?",
        "userDefined": false
      }
    ],
    "isTemplate": false,
    "count": 0,
    "updated": 1540062619
  },
  {
    "id": "08803683-e570-456c-9e68-e7483aff2941",
    "data": [
      {
        "text": "Add",
        "alias": "Action",
        "meta": "@Action",
        "userDefined": false
      },
      {
        "text": " dollar ",
        "userDefined": false
      },
      {
        "text": "20",
        "alias": "unit-currency",
        "meta": "@sys.unit-currency",
        "userDefined": false
      },
      {
        "text": " to ",
        "userDefined": false
      },
      {
        "text": "grocery",
        "alias": "category",
        "meta": "@category",
        "userDefined": false
      }
    ],
    "isTemplate": false,
    "count": 0,
    "updated": 1540096535
  },
  {
    "id": "886be71c-bdb6-4b84-9a26-539517366d9d",
    "data": [
      {
        "text": "Please ",
        "userDefined": false
      },
      {
        "text": "add",
        "alias": "Action",
        "meta": "@Action",
        "userDefined": false
      },
      {
        "text": " ",
        "userDefined": false
      },
      {
        "text": "10 yen",
        "alias": "unit-currency",
        "meta": "@sys.unit-currency",
        "userDefined": false
      },
      {
        "text": " to ",
        "userDefined": false
      },
      {
        "text": "dining out",
        "alias": "category",
        "meta": "@category",
        "userDefined": false
      }
    ],
    "isTemplate": false,
    "count": 0,
    "updated": 1540000023
  },
  {
    "id": "9ec6c0a1-5214-4136-b469-2a1ee6fd5060",
    "data": [
      {
        "text": "Hey Personal Akountant, ",
        "userDefined": false
      },
      {
        "text": "add",
        "alias": "Action",
        "meta": "@Action",
        "userDefined": false
      },
      {
        "text": " ",
        "userDefined": false
      },
      {
        "text": "20 dollars",
        "alias": "unit-currency",
        "meta": "@sys.unit-currency",
        "userDefined": false
      },
      {
        "text": " to ",
        "userDefined": false
      },
      {
        "text": "movies",
        "alias": "category",
        "meta": "@category",
        "userDefined": false
      }
    ],
    "isTemplate": false,
    "count": 0,
    "updated": 1538091941
  },
  {
    "id": "696ca4b4-4ed6-446f-be38-7109eaa8a67d",
    "data": [
      {
        "text": "Personal Akountant, ",
        "userDefined": false
      },
      {
        "text": "add",
        "alias": "Action",
        "meta": "@Action",
        "userDefined": false
      },
      {
        "text": " ",
        "userDefined": false
      },
      {
        "text": "400 dollars",
        "alias": "unit-currency",
        "meta": "@sys.unit-currency",
        "userDefined": false
      },
      {
        "text": " to ",
        "userDefined": false
      },
      {
        "text": "rent",
        "alias": "category",
        "meta": "@category",
        "userDefined": false
      }
    ],
    "isTemplate": false,
    "count": 0,
    "updated": 1538091941
  }
]