[
  {
    "id": "4f00ffb2-b6f7-468b-957f-9ce37003d11d",
    "data": [
      {
        "text": "delete",
        "alias": "Action",
        "meta": "@Action",
        "userDefined": false
      },
      {
        "text": " ",
        "userDefined": false
      },
      {
        "text": "40 dollars",
        "alias": "unit-currency",
        "meta": "@sys.unit-currency",
        "userDefined": false
      },
      {
        "text": " from ",
        "userDefined": false
      },
      {
        "text": "movies",
        "alias": "category",
        "meta": "@category",
        "userDefined": false
      }
    ],
    "isTemplate": false,
    "count": 0,
    "updated": 1540097770
  },
  {
    "id": "b5c195e4-01b4-41cf-8727-b36859e89290",
    "data": [
      {
        "text": "remove",
        "alias": "Action",
        "meta": "@Action",
        "userDefined": false
      },
      {
        "text": " ",
        "userDefined": false
      },
      {
        "text": "20 dollars",
        "alias": "unit-currency",
        "meta": "@sys.unit-currency",
        "userDefined": false
      },
      {
        "text": " from ",
        "userDefined": false
      },
      {
        "text": "grocery",
        "alias": "category",
        "meta": "@category",
        "userDefined": false
      }
    ],
    "isTemplate": false,
    "count": 0,
    "updated": 1540097770
  },
  {
    "id": "52dc78c7-0f0b-488e-8605-e3d29fce49e9",
    "data": [
      {
        "text": "delete",
        "alias": "Action",
        "meta": "@Action",
        "userDefined": false
      },
      {
        "text": " ",
        "userDefined": false
      },
      {
        "text": "20 dollars",
        "alias": "unit-currency",
        "meta": "@sys.unit-currency",
        "userDefined": false
      },
      {
        "text": " form ",
        "userDefined": false
      },
      {
        "text": "movies",
        "alias": "category",
        "meta": "@category",
        "userDefined": false
      }
    ],
    "isTemplate": false,
    "count": 0,
    "updated": 1540097770
  },
  {
    "id": "9097e56e-b47a-489d-9f8c-2b9313becfa8",
    "data": [
      {
        "text": "Delete ",
        "userDefined": false
      },
      {
        "text": "20 dollars",
        "alias": "unit-currency",
        "meta": "@sys.unit-currency",
        "userDefined": false
      },
      {
        "text": " from ",
        "userDefined": false
      },
      {
        "text": "movies",
        "alias": "category",
        "meta": "@category",
        "userDefined": false
      },
      {
        "text": ".",
        "userDefined": false
      }
    ],
    "isTemplate": false,
    "count": 0,
    "updated": 1540009993
  }
]