[
  {
    "id": "61c9f95d-934c-43b8-9a77-30ebfc9d203b",
    "data": [
      {
        "text": "What all categories can I ",
        "userDefined": false
      },
      {
        "text": "add",
        "alias": "Action",
        "meta": "@Action",
        "userDefined": false
      },
      {
        "text": " expenses to?",
        "userDefined": false
      }
    ],
    "isTemplate": false,
    "count": 0,
    "updated": 1540102512
  },
  {
    "id": "24ad0dd7-0ee2-49c9-a29e-a5259602e62a",
    "data": [
      {
        "text": "List out the categories you support.",
        "userDefined": false
      }
    ],
    "isTemplate": false,
    "count": 0,
    "updated": 1540102512
  },
  {
    "id": "2774e9d5-646f-417d-8f5f-c5b60a35da33",
    "data": [
      {
        "text": "What categories do you support?",
        "userDefined": false
      }
    ],
    "isTemplate": false,
    "count": 0,
    "updated": 1540102433
  }
]